BrandonSaldanha/k8-replica-manager	public
ChrisGe4/teleport	404_missing
CobaltCause/go-remote	public
Devolutions/IronRDP	public
DiscoRiver/jobber	public
GevorgGal/jobworker	public
Kieran2k15/teleproc	404_missing
MarkDHarris/JobWorkerService	public
MrChristianL/Teleport-Systems-Challenge-L4	public
P-A-R-U-S/Go-Job-Worker-Service	public
SanjoDeundiak/process-runner	public
Takumi2008/go-run	404_missing
Tyrus-deltasurge/teleport	public
WICG/local-network-access	public
aadc-dev/teleport-job-management-int	404_missing
andrewhare/jobs	404_missing
arazmj/sentry	public
ari23/loadbalancer	public
aube-pluviose/temporal-mvp-workflow	public
bejelith/goteleport	404_missing
bill-rich/jobworker	public
bkneis/teleport-jobworker	public
bradfitz/go-tool-cache	public
bucknercd/jobworker	public
build2/build2	public
c-bata/go-prompt	public
capnspacehook/dep-inspector	public
capnspacehook/egress-eddie	public
capnspacehook/go-workflows	public
capnspacehook/impulse-wars	public
capnspacehook/pandorasbox	public
capnspacehook/whalewall	public
cert-manager/cert-manager	public
cilium/cilium	public
clydotron/job_worker_service	public
comfyanonymous/ComfyUI	public
creack/telepilot	public
cweiser22/teleport_interview	404_missing
dakotasanchez/job-worker-challenge	404_missing
dereknorrbom/k8s-deployment-scaler	public
derekschultz/job-worker	404_missing
devnulled/runjob	public
dmdavis/ijr	public
dmon-io/client	public
dmon-io/dmon_metrics	public
dtom90/teleport-backend-challenge	public
dustinspecker/linux-job-worker-service	404_missing
ehsaniara/job-worker	public
flychicken123/Job_Worker	public
ghostsquad/prototype-job-worker	public
go-piv/piv-go	public
go-simpler/sloglint	public
golang/go	public
golangci/golangci-lint	public
googleapis/google-cloud-go	public
gopheryan/jobby	public
grafana/jsonparser	public
grll/mcpadapt	public
hannahapuan/worker-service	public
hashicorp/go-getter	public
henrygd/beszel	public
hyprwm/xdg-desktop-portal-hyprland	public
igoristic/astral	public
jackc/pgx	public
jawnsy/sprinter	404_missing
jeremy-j-ackso/tp-worker	public
jkj/telechallenge	404_missing
jmbarzee/loadbalancer	public
jmcollin78/versatile_thermostat	public
jonboulle/clockwork	public
josephspurrier/goversioninfo	public
joshuarubin/teleport-job-worker	public
juliaogris/telejob	public
karanveersp/job-runner	public
kelwang/teleport	404_missing
kkloberdanz/teleport-challenge	public
ko-build/ko	public
kshi36/teleport-backend-challenge	404_missing
kubernetes-sigs/kustomize	public
kubernetes/kubernetes	public
kurczynski/teleport-job-worker	public
lsiv568/jobs-worker	404_missing
m3talsmith/jobberthehut	public
mcampo84/teleport_challenge	public
mhsantos/rlcp	public
mikewurtz/taskman	public
mlange-42/ark	public
moalf/teleport	public
moby/spdystream	public
modelcontextprotocol/go-sdk	public
mrkooll/int-cloud-sre-maksym	public
neildo/tjob	public
nixpig/jobworker	404_missing
njayp/jobber	404_missing
nschneid95/TeleportInterview	404_missing
opencontainers/selinux	public
orgzly-revived/orgzly-android-revived	public
p4n1c/jws	404_missing
parmjassal/assignment-job-worker	404_missing
pkg/sftp	public
quic-go/docs	public
quic-go/quic-go	public
rafaelvanoni/jobservice	404_missing
rajansandeep/teleport-job-worker-svc	public
razzam21/job-worker-service	public
rcanderson23/mesh-cni	public
rexposadas/teleport	public
reynn/grpc-job-processor	404_missing
rockholla/go-linux-ns-cgroup-worker	public
rsteinkeXJ/teleport_interview	public
rudderlabs/analytics-go	public
rust-lang/rust	public
rustwasm/wasm-pack	public
rvrnjn145/teleport	public
ryan-evans752699/jobport	public
s-gruneberg/jobWorker	public
sabernabil12/teleport-job-worker	public
sclevine/yj	public
shawon-crosen/teleport-challenge	public
sigstore/cosign	public
sigstore/fulcio	public
sijms/go-ora	public
snehamirajkar9/TCP-leastconnectionLB	public
tailscale/ToBeReviewedBot	public
tailscale/github-action	public
tailscale/gitops-acl-action	public
tailscale/go	public
tailscale/golink	public
tailscale/hallpass	public
tailscale/issuebot	public
tailscale/scertec	public
tailscale/security-policies	public
tailscale/setec	public
tailscale/tailscale	public
tailscale/tailscale-android	public
tailscale/tailscale-chocolatey	public
tailscale/tailscale-qpkg	public
tailscale/terms-and-conditions	public
tailscale/terraform-provider-tailscale	public
tailscale/tsidp	public
tedmist1/challenge-auth0	public
tembio/teleport	404_missing
thelounge/thelounge-docker	public
thewizardofaws/kube-replisync	public
tiktoken-go/tokenizer	public
trojal/mh-jobworker	404_missing
vincenthlam/teleport-interview	public
w3c/webappsec-dbsc	public
wolves-fc/tasker	public
wrboyce/jobsvc	404_missing
xdire/xlb	public
xiaofatiandi/JobWorkerService	404_missing
xiumozhan/process-manager	public
xp10wa/job-worker-service	404_missing
zcancio/challenge1	404_missing
zed-industries/zed	public
zitadel/oidc	public
zostay/hermione	404_missing
zphoenixrises/JobWorkerService	public
