202403	derekschultz/job-worker	99
202403	kelwang/teleport	43
202404	xiaofatiandi/JobWorkerService	43
202404	zostay/hermione	334
202405	bejelith/goteleport	215
202405	xiaofatiandi/JobWorkerService	29
202406	andrewhare/jobs	110
202406	bejelith/goteleport	2
202406	njayp/jobber	133
202407	dustinspecker/linux-job-worker-service	133
202407	jawnsy/sprinter	26
202407	lsiv568/jobs-worker	23
202408	Takumi2008/go-run	11
202408	dustinspecker/linux-job-worker-service	132
202408	nschneid95/TeleportInterview	75
202502	reynn/grpc-job-processor	31
202503	cweiser22/teleport_interview	103
202503	p4n1c/jws	80
202504	ChrisGe4/teleport	21
202504	parmjassal/assignment-job-worker	61
202504	wrboyce/jobsvc	120
202505	ChrisGe4/teleport	41
202505	rafaelvanoni/jobservice	51
202505	tembio/teleport	47
202505	trojal/mh-jobworker	114
202506	aadc-dev/teleport-job-management-int	144
202506	trojal/mh-jobworker	2
202506	xp10wa/job-worker-service	69
202508	jkj/telechallenge	78
202508	kshi36/teleport-backend-challenge	46
202509	kshi36/teleport-backend-challenge	67
202510	Kieran2k15/teleproc	1
202510	nixpig/jobworker	198
202511	Kieran2k15/teleproc	31
202601	dakotasanchez/job-worker-challenge	15
202602	dakotasanchez/job-worker-challenge	3
202604	zcancio/challenge1	11
202204	GavinFrazar/teleport-challenge	11
