ChrisGe4/teleport	404_missing
Kieran2k15/teleproc	404_missing
Takumi2008/go-run	404_missing
aadc-dev/teleport-job-management-int	404_missing
andrewhare/jobs	404_missing
bejelith/goteleport	404_missing
cweiser22/teleport_interview	404_missing
dakotasanchez/job-worker-challenge	404_missing
derekschultz/job-worker	404_missing
dustinspecker/linux-job-worker-service	404_missing
jawnsy/sprinter	404_missing
jkj/telechallenge	404_missing
kelwang/teleport	404_missing
kshi36/teleport-backend-challenge	404_missing
lsiv568/jobs-worker	404_missing
nixpig/jobworker	404_missing
njayp/jobber	404_missing
nschneid95/TeleportInterview	404_missing
p4n1c/jws	404_missing
parmjassal/assignment-job-worker	404_missing
rafaelvanoni/jobservice	404_missing
reynn/grpc-job-processor	404_missing
tembio/teleport	404_missing
trojal/mh-jobworker	404_missing
wrboyce/jobsvc	404_missing
xiaofatiandi/JobWorkerService	404_missing
xp10wa/job-worker-service	404_missing
zcancio/challenge1	404_missing
zostay/hermione	404_missing
GavinFrazar/teleport-challenge	404_missing
